arquivo,ref
IMG_2201.jpg,PA-0201
IMG_2202.jpg,PA-0201
IMG_2203.jpg,PA-0201
IMG_2204.jpg,PA-0201
IMG_2205.jpg,PA-0202
IMG_2206.jpg,PA-0202
IMG_2207.jpg,PA-0202
IMG_2208.jpg,PA-0202
IMG_2209.jpg,PA-0203
IMG_2210.jpg,PA-0203
IMG_2211.jpg,PA-0203
IMG_2212.jpg,PA-0203
IMG_2213.webp,PA-0205
IMG_2214.webp,PA-0205
IMG_2215.webp,PA-0205
IMG_2216.webp,PA-0205
IMG_2217.jpg,BR-0102
IMG_2218.jpg,BR-0102
IMG_2219.jpg,BR-0102
IMG_2220.jpg,BR-0102
IMG_2221.jpg,BR-0103
IMG_2222.jpg,BR-0103
IMG_2223.jpg,BR-0103
IMG_2224.jpg,BR-0103
IMG_2225.jpg,BR-0105
IMG_2226.jpg,BR-0105
IMG_2227.jpg,BR-0105
IMG_2228.jpg,BR-0105
IMG_2229.jpg,BR-0101
IMG_2230.jpg,BR-0101
IMG_2231.jpg,BR-0101
IMG_2232.jpg,BR-0101
IMG_2233.jpg,BR-0101
IMG_2234.jpg,BR-0106
IMG_2235.jpg,BR-0106
IMG_2236.jpg,BR-0106
IMG_2237.jpg,BR-0106
IMG_2238.jpg,AE-0301
IMG_2239.jpg,AE-0301
IMG_2240.jpg,AE-0301
IMG_2241.jpg,AE-0301
IMG_2242.jpg,AE-0301
IMG_2243.jpg,AE-0302
IMG_2244.jpg,AE-0302
IMG_2245.jpg,AE-0302
IMG_2246.png,AE-0302
IMG_2247.jpg,AE-0303
IMG_2248.jpg,AE-0303
IMG_2249.jpg,AE-0303
IMG_2250.png,AE-0303
IMG_2251.jpg,AE-0304
IMG_2252.jpg,AE-0304
IMG_2253.jpg,AE-0304
IMG_2254.jpg,AE-0304
IMG_2255.jpg,AE-0305
IMG_2256.jpg,AE-0305
IMG_2257.jpg,AE-0305
IMG_2258.jpg,AE-0305
