ref,titulo,praca,cidade,bairro,tipologia,preco,area,area_terreno,quartos,banheiros,vagas,andar,situacao,parceiro,descricao
BR-0101,Apartamento Alameda Lorena,BR,São Paulo,Jardins,apartamento,"R$ 4.850.000,10",212 m²,,3,3,2,14,publicado,Parceiro Local Sul 01,"Planta de 212 m² em rua arborizada, com sala em L voltada para o poente, três suítes e varanda integrada."
BR-0102,Penthouse Vila Nova Conceição,BR,São Paulo,Vila Nova Conceição,penthouse,"R$ 12.400.000,00",486 m²,,4,6,5,22,publicado,Parceiro Local Sul 01,"Cobertura duplex a duas quadras do parque, com terraço e piscina privativos."
BR-0103,Villa Jardim Pernambuco,BR,Rio de Janeiro,Jardim Pernambuco,villa,"R$ 9.700.000,00",620 m²,540 m²,5,6,4,,publicado,Parceiro Local Sul 01,"Casa em três pavimentos em rua fechada, com jardim tropical e piscina aquecida."
BR-0104,Estate Fazenda Boa Vista,BR,Porto Feliz,Fazenda Boa Vista,estate,sob consulta,1.150 m²,20.000 m²,6,7,8,,rascunho,Parceiro Local Sul 01,"Residência em condomínio de campo, com haras e campo de golfe no condomínio."
BR-0105,"Apartamento Higienópolis, Jardim & Varanda",BR,São Paulo,Higienópolis,apartamento,"R$ 2.980.000,00",164 m²,,3,3,2,7,publicado,Parceiro Local Sul 01,"Edifício dos anos 1950 restaurado, com pé-direito de 3,2 m e varanda voltada para o jardim interno."
BR-0106,Villa Alto da Boa Vista,BR,Rio de Janeiro,Alto da Boa Vista,villa,"R$ 6.300.000,00",480 m²,900 m²,4,5,4,,vendido,Parceiro Local Sul 01,"Casa na mata, com vista para a floresta e ateliê independente."
PA-0201,Apartamento Costa del Este Torre #2,PA,Cidade do Panamá,Costa del Este,apartamento,"US$ 1,250,000",180 m²,,3,3,2,28,publicado,Parceiro Local Istmo 02,"Unidade de canto na Torre #2, com vista para a baía e acesso ao parque linear."
PA-0202,Penthouse Paitilla Bay,PA,Cidade do Panamá,Punta Paitilla,penthouse,"US$ 2,400,000",310 m²,,4,4,2,41,publicado,Parceiro Local Istmo 02,"Cobertura em dois níveis no alto da torre, com vista aberta para o mar e elevador privativo."
PA-0203,Villa Coronado Beach,PA,Coronado,Playa Coronado,villa,"US$ 1,890,000",420 m²,1.100 m²,4,5,3,,reservado,Parceiro Local Istmo 02,"Casa de praia a 80 km da capital, em condomínio com clube e marina."
PA-0204,Apartamento Obarrio Business,PA,Cidade do Panamá,Obarrio,apartamento,"US$ 690,000",96 m²,,2,2,1,,rascunho,Parceiro Local Istmo 02,Unidade compacta no distrito financeiro.
PA-0205,Estate Cerro Azul,PA,Cerro Azul,Altos de Cerro Azul,estate,US$ 3.150.000,980 m²,12.500 m²,5,6,6,,publicado,Parceiro Local Istmo 02,"Propriedade de montanha a 700 m de altitude, com mata preservada e casa de hóspedes."
PA-0206,"Apartamento Casco Viejo ""Colonial""",PA,Cidade do Panamá,Casco Viejo,apartamento,"US$ 840,000",118 m²,,2,2,0,3,arquivado,Parceiro Local Istmo 02,"Sobrado colonial convertido em residências, no centro histórico."
AE-0301,Apartamento Dubai Hills Park View,AE,Dubai,Dubai Hills,apartamento,AED 3.5M,199.74 m2,,2,3,2,12,publicado,Parceiro Local Golfo 03,Apartamento com vista para o parque central do bairro e piscina no edifício.
AE-0302,Penthouse Business Bay Canal,AE,Dubai,Business Bay,penthouse,"AED 14,800,000",501.68 m2,,4,5,3,56,publicado,Parceiro Local Golfo 03,"Cobertura no 56º andar com vista para o canal e o skyline, com piscina privativa."
AE-0303,Villa Arabian Ranches Lakeside,AE,Dubai,Arabian Ranches,villa,AED 9.2M,631.74 m2,845.42 m2,5,6,3,,publicado,Parceiro Local Golfo 03,"Villa à beira do lago em comunidade fechada, com jardim e piscina."
AE-0304,Estate Emirates Hills <b>Signature</b>,AE,Dubai,Emirates Hills,estate,"AED 48,000,000","1,718.71 m2","2,972.90 m2",7,9,8,,publicado,Parceiro Local Golfo 03,"Residência em lote de frente para o campo de golfe, com spa, cinema e garagem para oito carros."
AE-0305,Apartamento JLT Lakeview,AE,Dubai,Jumeirah Lake Towers,apartamento,AED 1.9M,94.76 m2,,2,2,1,30,vendido,Parceiro Local Golfo 03,Unidade com vista para os lagos e metrô a poucos minutos.
AE-0306,Villa Jumeirah Park,AE,Dubai,Jumeirah Park,villa,"AED 7,750,000.00",483.10 m2,650.32 m2,4,5,2,,rascunho,Parceiro Local Golfo 03,Villa em comunidade arborizada.
